batch_size,prompt_len,output_len,e2e_ms,ttft_ms,tpot_ms,throughput_tok_s
1,128,32,1121.5142300352454,40.42998794466257,34.87368522872848,28.532852408831538
1,128,512,17597.530903294683,39.8184098303318,34.35951564278738,29.094990815111526
1,2048,32,1403.1029101461172,340.1621151715517,34.28841274111501,22.806595131833603
1,2048,512,17875.871278345585,341.6589377447963,34.31352708532444,28.64196055272701
8,128,32,2619.342559017241,208.0127582885325,77.78483228157124,97.73444833273331
8,128,512,40339.26408411935,208.3089160732925,78.53415884157741,101.53878839878247
8,2048,32,4929.7656849958,2314.1935910098255,84.37329335438629,51.9294458110169
8,2048,512,45696.82464469224,2314.7868290543556,84.89635580359663,89.63423677351194
