batch_size,prompt_len,output_len,e2e_ms,ttft_ms,tpot_ms,throughput_tok_s
1,64,16,73.85260798037052,9.50613897293806,4.289764600495498,216.6477317125034
1,64,128,551.7562022432685,8.392203133553267,4.2784566859032696,231.98651774024825
1,512,16,75.11239871382713,10.696669574826956,4.294381942600012,213.01409985532288
1,512,128,556.3520821742713,12.344899121671915,4.283521126398421,230.07013742047138
8,64,16,87.95170718804002,19.356878008693457,4.572988611956438,1455.344121136126
8,64,128,600.0098171643913,19.22022318467498,4.573146409289104,1706.6387427448433
8,512,16,105.39330681785941,32.036890275776386,4.890427769472201,1214.4983762698466
8,512,128,635.9005677513778,31.31371084600687,4.760526432325755,1610.3146496959253
